Селиверстов Лукьян Абрамович,Швея,Отдел смешных имён и фамилий,1,52104
Парфен Арсеньевич Попов,Эколог,Отдел логики и логистики,5,73094
Силин Парфен Тихонович,Маркетолог,Отдел по борьбе с борьбой,1,74203
Кудряшов Константин Юлианович,Сурдолог,Отдел внедрения велосипедов,5,35819
Тимофеев Ювеналий Ярославович,Энтомолог,Отдел смешных имён и фамилий,2,58865
Петр Филимонович Туров,Флорист,Отдел логики и логистики,1,26697
Архипова Людмила Вячеславовна,Особист,Отдел логики и логистики,1,44689
Ларионова Таисия Анатольевна,Архитектор,Отдел по борьбе с борьбой,1,88513
Анжела Андреевна Ширяева,Безработный,Отдел смешных имён и фамилий,3,63762
Олимпиада Егоровна Самойлова,Аллерголог,Отдел смешных имён и фамилий,4,31007
Лыткина Лукия Олеговна,Модель,Отдел по названию отделов,4,80148
Баранов Демид Федосеевич,Шахтёр,Отдел по борьбе с борьбой,2,85583
Марфа Архиповна Никитина,Судебный пристав,Отдел внедрения велосипедов,3,79245
Елизар Абрамович Куликов,Заряжающий,Отдел смешных имён и фамилий,4,73111
Ратибор Филиппович Беспалов,Комендант,Отдел смешных имён и фамилий,3,24537
Вадим Юлианович Самойлов,Автогонщик,Отдел смешных имён и фамилий,1,78990
Потапова Милица Вениаминовна,Судебный пристав,Отдел логики и логистики,1,95149
Савватий Исидорович Власов,Лётчик,Отдел смешных имён и фамилий,1,59282
Крюкова Екатерина Борисовна,Хлебопёк,Отдел внедрения велосипедов,5,50329
Флорентин Жоресович Копылов,Расточник,Отдел по борьбе с борьбой,2,59127
Лариса Тимуровна Евдокимова,Официант,Отдел внедрения велосипедов,5,89841
Елизавета Богдановна Рыбакова,Аккумуляторщик,Отдел смешных имён и фамилий,4,93715
Некрасов Евстигней Дмитриевич,Библиотековед,Отдел логики и логистики,5,54311
Денисов Феоктист Трофимович,Военный консультант,Отдел по борьбе с борьбой,1,56177
Осипова Нонна Феликсовна,Зоолог,Отдел по борьбе с борьбой,4,30609
Терентьев Юлиан Ярославович,Логопед,Отдел внедрения велосипедов,4,69393
Ефремов Пахом Марсович,Библиотековед,Отдел по названию отделов,5,36465
Моисеева София Александровна,Прокурор,Отдел логики и логистики,2,26236
Назарова Ольга Петровна,Актёр,Отдел по борьбе с борьбой,3,88261
Алла Тарасовна Быкова,Комбайнер,Отдел по названию отделов,2,63950
Ширяев Якуб Дорофеевич,Геолог,Отдел смешных имён и фамилий,3,68304
Устинова Лариса Оскаровна,Литейщик,Отдел по названию отделов,2,54039
Юлия Кирилловна Гришина,Сапожник,Отдел по названию отделов,5,66267
Архипова Иванна Даниловна,Каскадёр,Отдел по названию отделов,1,78120
Анна Кузьминична Громова,Механизатор,Отдел по борьбе с борьбой,2,83722
Акулина Романовна Мартынова,Химик,Отдел по борьбе с борьбой,5,55588
Филатов Вышеслав Игнатович,Подводник,Отдел внедрения велосипедов,1,66260
Соловьев Иосиф Германович,Дирижёр,Отдел по названию отделов,2,83994
Карпов Платон Давидович,Нефролог,Отдел смешных имён и фамилий,1,27969
Гордеева Лариса Дмитриевна,Канонир,Отдел по названию отделов,2,68971
Стрелков Илья Харлампович,Врач МСЭК,Отдел смешных имён и фамилий,3,54564
Гущина Эмилия Матвеевна,Корректор,Отдел внедрения велосипедов,2,47966
Викентий Исидорович Уваров,Стоматолог,Отдел по борьбе с борьбой,3,54412
Галина Евгеньевна Попова,Повар,Отдел смешных имён и фамилий,3,60831
Михеева Антонина Ефимовна,Организатор свадеб,Отдел логики и логистики,2,96316
Евпраксия Павловна Лаврентьева,Брейдер,Отдел смешных имён и фамилий,3,89101
Виноградов Селиван Феодосьевич,Ревматолог,Отдел смешных имён и фамилий,5,93109
Павел Анатольевич Овчинников,Повар,Отдел логики и логистики,2,90753
Валерий Абрамович Шаров,Телефонист,Отдел по борьбе с борьбой,3,71909
Фадей Богданович Федотов,Гляциолог,Отдел смешных имён и фамилий,1,99609
Котов Нестор Валерианович,Литейщик,Отдел внедрения велосипедов,1,61686
Иларион Вилорович Поляков,Сметчик,Отдел внедрения велосипедов,3,77247
Владимиров Ефрем Артёмович,Машинистка,Отдел по названию отделов,5,55002
Ильин Спиридон Афанасьевич,Химик,Отдел по названию отделов,3,81417
Надежда Ильинична Денисова,Заточник,Отдел по борьбе с борьбой,3,75212
Федотова Акулина Антоновна,Мусорщик,Отдел по борьбе с борьбой,3,43854
Кулагина Агафья Мироновна,Бортмеханик,Отдел логики и логистики,3,77242
Пелагея Геннадиевна Соболева,Терапевт,Отдел смешных имён и фамилий,5,65407
Нифонт Даниилович Медведев,Финансист,Отдел логики и логистики,5,63500
Иларион Артурович Карпов,Радист,Отдел по названию отделов,5,81030
Мстислав Дмитриевич Степанов,Монтажник связи,Отдел по борьбе с борьбой,4,26920
Милица Мироновна Максимова,Хирург,Отдел логики и логистики,2,26938
Тамара Тимофеевна Панова,Машинист,Отдел внедрения велосипедов,2,77486
Евпраксия Евгеньевна Лукина,Тыловик,Отдел смешных имён и фамилий,5,44263
Веселова Вера Артемовна,Тальман,Отдел смешных имён и фамилий,5,88675
Ильина Наина Афанасьевна,Бортпроводник/стюард,Отдел внедрения велосипедов,4,49135
Яков Юльевич Власов,Таможенник,Отдел смешных имён и фамилий,4,46526
Никита Вилорович Новиков,Шорник,Отдел по названию отделов,3,81531
Савельев Август Адамович,Психолог,Отдел по борьбе с борьбой,5,84110
Иларион Бориславович Егоров,Дизайнер,Отдел по названию отделов,2,21298
Алина Даниловна Зиновьева,Дизайнер,Отдел по борьбе с борьбой,5,67023
Елена Альбертовна Ковалева,Биофизик,Отдел по названию отделов,2,47062
Лазарева Виктория Николаевна,Искусствовед,Отдел по борьбе с борьбой,3,39672
Прасковья Даниловна Шестакова,Гастроэнтеролог,Отдел внедрения велосипедов,5,29351
Леон Исидорович Галкин,Врач УЗ-диагностики,Отдел логики и логистики,4,28625
Ширяев Ираклий Артурович,Мотострелок,Отдел по борьбе с борьбой,3,91286
Владимир Владиленович Виноградов,Дворник,Отдел логики и логистики,4,52949
Антонина Львовна Евсеева,Оператор машинного доения,Отдел смешных имён и фамилий,1,46127
Жданов Марк Ярославович,Комендант,Отдел внедрения велосипедов,2,43083
Максимова Татьяна Кирилловна,Инженер по механизации,Отдел внедрения велосипедов,2,91940
Воронова Ульяна Ивановна,Военно-полевой хирург,Отдел смешных имён и фамилий,4,70567
Емельян Владиленович Пахомов,Копирайтер,Отдел логики и логистики,3,95408
Павлова Евфросиния Кузьминична,Океанолог,Отдел смешных имён и фамилий,3,67303
Корнилов Кузьма Тимурович,Телохранитель,Отдел смешных имён и фамилий,5,49311
Рябова Светлана Эльдаровна,Политолог,Отдел внедрения велосипедов,4,69879
Матвеев Мирон Вилорович,Доярка,Отдел внедрения велосипедов,4,42176
Тамара Вениаминовна Колобова,Архивариус,Отдел внедрения велосипедов,5,66334
Белова Фаина Харитоновна,Блоггер,Отдел внедрения велосипедов,2,98294
Яковлев Ювеналий Фролович,Слесарь,Отдел смешных имён и фамилий,5,35272
Нинель Тимуровна Дмитриева,Швея,Отдел по названию отделов,1,36524
Алина Георгиевна Орехова,Портной,Отдел внедрения велосипедов,3,77552
Василиса Андреевна Кулакова,Инженер-конструктор,Отдел логики и логистики,4,98373
Светлана Геннадиевна Дементьева,Декоратор,Отдел по названию отделов,2,98225
Суворова Прасковья Архиповна,Судья,Отдел логики и логистики,4,70391
Федорова Алина Станиславовна,Географ,Отдел по борьбе с борьбой,5,40782
Игнатова Александра Ниловна,Плотник,Отдел логики и логистики,1,29240
Субботина Евпраксия Мироновна,Радиолог,Отдел по борьбе с борьбой,1,23659
Ефимов Елизар Владиленович,Фортификатор,Отдел по названию отделов,1,22802
Колобов Арсений Терентьевич,Садовод,Отдел по названию отделов,1,99081
Евпраксия Семеновна Исаева,Блоггер,Отдел внедрения велосипедов,4,55446
